Symbol,name,sector,yahoo_symbol
360ONE,360 ONE WAM Ltd.,Financial Services,360ONE.NS
3MINDIA,3M India Ltd.,Diversified,3MINDIA.NS
ABB,ABB India Ltd.,Capital Goods,ABB.NS
ACC,ACC Ltd.,Construction Materials,ACC.NS
ACMESOLAR,ACME Solar Holdings Ltd.,Power,ACMESOLAR.NS
AIAENG,AIA Engineering Ltd.,Capital Goods,AIAENG.NS
APLAPOLLO,APL Apollo Tubes Ltd.,Capital Goods,APLAPOLLO.NS
AUBANK,AU Small Finance Bank Ltd.,Financial Services,AUBANK.NS
AWL,AWL Agri Business Ltd.,Fast Moving Consumer Goods,AWL.NS
AADHARHFC,Aadhar Housing Finance Ltd.,Financial Services,AADHARHFC.NS
AARTIIND,Aarti Industries Ltd.,Chemicals,AARTIIND.NS
AAVAS,Aavas Financiers Ltd.,Financial Services,AAVAS.NS
ABBOTINDIA,Abbott India Ltd.,Healthcare,ABBOTINDIA.NS
ACE,Action Construction Equipment Ltd.,Capital Goods,ACE.NS
ADANIENSOL,Adani Energy Solutions Ltd.,Power,ADANIENSOL.NS
ADANIENT,Adani Enterprises Ltd.,Metals & Mining,ADANIENT.NS
ADANIGREEN,Adani Green Energy Ltd.,Power,ADANIGREEN.NS
ADANIPORTS,Adani Ports and Special Economic Zone Ltd.,Services,ADANIPORTS.NS
ADANIPOWER,Adani Power Ltd.,Power,ADANIPOWER.NS
ATGL,Adani Total Gas Ltd.,Oil Gas & Consumable Fuels,ATGL.NS
ABCAPITAL,Aditya Birla Capital Ltd.,Financial Services,ABCAPITAL.NS
ABFRL,Aditya Birla Fashion and Retail Ltd.,Consumer Services,ABFRL.NS
ABLBL,Aditya Birla Lifestyle Brands Ltd.,Consumer Services,ABLBL.NS
ABREL,Aditya Birla Real Estate Ltd.,Forest Materials,ABREL.NS
ABSLAMC,Aditya Birla Sun Life AMC Ltd.,Financial Services,ABSLAMC.NS
AEGISLOG,Aegis Logistics Ltd.,Oil Gas & Consumable Fuels,AEGISLOG.NS
AEGISVOPAK,Aegis Vopak Terminals Ltd.,Oil Gas & Consumable Fuels,AEGISVOPAK.NS
AFCONS,Afcons Infrastructure Ltd.,Construction,AFCONS.NS
AFFLE,Affle 3i Ltd.,Information Technology,AFFLE.NS
AJANTPHARM,Ajanta Pharmaceuticals Ltd.,Healthcare,AJANTPHARM.NS
AKUMS,Akums Drugs and Pharmaceuticals Ltd.,Healthcare,AKUMS.NS
AKZOINDIA,Akzo Nobel India Ltd.,Consumer Durables,AKZOINDIA.NS
APLLTD,Alembic Pharmaceuticals Ltd.,Healthcare,APLLTD.NS
ALKEM,Alkem Laboratories Ltd.,Healthcare,ALKEM.NS
ALKYLAMINE,Alkyl Amines Chemicals Ltd.,Chemicals,ALKYLAMINE.NS
ALOKINDS,Alok Industries Ltd.,Textiles,ALOKINDS.NS
ARE&M,Amara Raja Energy & Mobility Ltd.,Automobile and Auto Components,ARE&M.NS
AMBER,Amber Enterprises India Ltd.,Consumer Durables,AMBER.NS
AMBUJACEM,Ambuja Cements Ltd.,Construction Materials,AMBUJACEM.NS
ANANDRATHI,Anand Rathi Wealth Ltd.,Financial Services,ANANDRATHI.NS
ANANTRAJ,Anant Raj Ltd.,Realty,ANANTRAJ.NS
ANGELONE,Angel One Ltd.,Financial Services,ANGELONE.NS
APARINDS,Apar Industries Ltd.,Capital Goods,APARINDS.NS
APOLLOHOSP,Apollo Hospitals Enterprise Ltd.,Healthcare,APOLLOHOSP.NS
APOLLOTYRE,Apollo Tyres Ltd.,Automobile and Auto Components,APOLLOTYRE.NS
APTUS,Aptus Value Housing Finance India Ltd.,Financial Services,APTUS.NS
ASAHIINDIA,Asahi India Glass Ltd.,Automobile and Auto Components,ASAHIINDIA.NS
ASHOKLEY,Ashok Leyland Ltd.,Capital Goods,ASHOKLEY.NS
ASIANPAINT,Asian Paints Ltd.,Consumer Durables,ASIANPAINT.NS
ASTERDM,Aster DM Healthcare Ltd.,Healthcare,ASTERDM.NS
ASTRAZEN,AstraZenca Pharma India Ltd.,Healthcare,ASTRAZEN.NS
ASTRAL,Astral Ltd.,Capital Goods,ASTRAL.NS
ATHERENERG,Ather Energy Ltd.,Automobile and Auto Components,ATHERENERG.NS
ATUL,Atul Ltd.,Chemicals,ATUL.NS
AUROPHARMA,Aurobindo Pharma Ltd.,Healthcare,AUROPHARMA.NS
AIIL,Authum Investment & Infrastructure Ltd.,Financial Services,AIIL.NS
DMART,Avenue Supermarts Ltd.,Consumer Services,DMART.NS
AXISBANK,Axis Bank Ltd.,Financial Services,AXISBANK.NS
BASF,BASF India Ltd.,Chemicals,BASF.NS
BEML,BEML Ltd.,Capital Goods,BEML.NS
BLS,BLS International Services Ltd.,Consumer Services,BLS.NS
BSE,BSE Ltd.,Financial Services,BSE.NS
BAJAJ-AUTO,Bajaj Auto Ltd.,Automobile and Auto Components,BAJAJ-AUTO.NS
BAJFINANCE,Bajaj Finance Ltd.,Financial Services,BAJFINANCE.NS
BAJAJFINSV,Bajaj Finserv Ltd.,Financial Services,BAJAJFINSV.NS
BAJAJHLDNG,Bajaj Holdings & Investment Ltd.,Financial Services,BAJAJHLDNG.NS
BAJAJHFL,Bajaj Housing Finance Ltd.,Financial Services,BAJAJHFL.NS
BALKRISIND,Balkrishna Industries Ltd.,Automobile and Auto Components,BALKRISIND.NS
BALRAMCHIN,Balrampur Chini Mills Ltd.,Fast Moving Consumer Goods,BALRAMCHIN.NS
BANDHANBNK,Bandhan Bank Ltd.,Financial Services,BANDHANBNK.NS
BANKBARODA,Bank of Baroda,Financial Services,BANKBARODA.NS
BANKINDIA,Bank of India,Financial Services,BANKINDIA.NS
MAHABANK,Bank of Maharashtra,Financial Services,MAHABANK.NS
BATAINDIA,Bata India Ltd.,Consumer Durables,BATAINDIA.NS
BAYERCROP,Bayer Cropscience Ltd.,Chemicals,BAYERCROP.NS
BERGEPAINT,Berger Paints India Ltd.,Consumer Durables,BERGEPAINT.NS
BDL,Bharat Dynamics Ltd.,Capital Goods,BDL.NS
BEL,Bharat Electronics Ltd.,Capital Goods,BEL.NS
BHARATFORG,Bharat Forge Ltd.,Automobile and Auto Components,BHARATFORG.NS
BHEL,Bharat Heavy Electricals Ltd.,Capital Goods,BHEL.NS
BPCL,Bharat Petroleum Corporation Ltd.,Oil Gas & Consumable Fuels,BPCL.NS
BHARTIARTL,Bharti Airtel Ltd.,Telecommunication,BHARTIARTL.NS
BHARTIHEXA,Bharti Hexacom Ltd.,Telecommunication,BHARTIHEXA.NS
BIKAJI,Bikaji Foods International Ltd.,Fast Moving Consumer Goods,BIKAJI.NS
BIOCON,Biocon Ltd.,Healthcare,BIOCON.NS
BSOFT,Birlasoft Ltd.,Information Technology,BSOFT.NS
BLUEDART,Blue Dart Express Ltd.,Services,BLUEDART.NS
BLUEJET,Blue Jet Healthcare Ltd.,Healthcare,BLUEJET.NS
BLUESTARCO,Blue Star Ltd.,Consumer Durables,BLUESTARCO.NS
BBTC,Bombay Burmah Trading Corporation Ltd.,Fast Moving Consumer Goods,BBTC.NS
BOSCHLTD,Bosch Ltd.,Automobile and Auto Components,BOSCHLTD.NS
FIRSTCRY,Brainbees Solutions Ltd.,Consumer Services,FIRSTCRY.NS
BRIGADE,Brigade Enterprises Ltd.,Realty,BRIGADE.NS
BRITANNIA,Britannia Industries Ltd.,Fast Moving Consumer Goods,BRITANNIA.NS
MAPMYINDIA,C.E. Info Systems Ltd.,Information Technology,MAPMYINDIA.NS
CCL,CCL Products (I) Ltd.,Fast Moving Consumer Goods,CCL.NS
CESC,CESC Ltd.,Power,CESC.NS
CGPOWER,CG Power and Industrial Solutions Ltd.,Capital Goods,CGPOWER.NS
CRISIL,CRISIL Ltd.,Financial Services,CRISIL.NS
CAMPUS,Campus Activewear Ltd.,Consumer Durables,CAMPUS.NS
CANFINHOME,Can Fin Homes Ltd.,Financial Services,CANFINHOME.NS
CANBK,Canara Bank,Financial Services,CANBK.NS
CAPLIPOINT,Caplin Point Laboratories Ltd.,Healthcare,CAPLIPOINT.NS
CGCL,Capri Global Capital Ltd.,Financial Services,CGCL.NS
CARBORUNIV,Carborundum Universal Ltd.,Capital Goods,CARBORUNIV.NS
CASTROLIND,Castrol India Ltd.,Oil Gas & Consumable Fuels,CASTROLIND.NS
CEATLTD,Ceat Ltd.,Automobile and Auto Components,CEATLTD.NS
CENTRALBK,Central Bank of India,Financial Services,CENTRALBK.NS
CDSL,Central Depository Services (India) Ltd.,Financial Services,CDSL.NS
CENTURYPLY,Century Plyboards (India) Ltd.,Consumer Durables,CENTURYPLY.NS
CERA,Cera Sanitaryware Ltd,Consumer Durables,CERA.NS
CHALET,Chalet Hotels Ltd.,Consumer Services,CHALET.NS
CHAMBLFERT,Chambal Fertilizers & Chemicals Ltd.,Chemicals,CHAMBLFERT.NS
CHENNPETRO,Chennai Petroleum Corporation Ltd.,Oil Gas & Consumable Fuels,CHENNPETRO.NS
CHOICEIN,Choice International Ltd.,Financial Services,CHOICEIN.NS
CHOLAHLDNG,Cholamandalam Financial Holdings Ltd.,Financial Services,CHOLAHLDNG.NS
CHOLAFIN,Cholamandalam Investment and Finance Company Ltd.,Financial Services,CHOLAFIN.NS
CIPLA,Cipla Ltd.,Healthcare,CIPLA.NS
CUB,City Union Bank Ltd.,Financial Services,CUB.NS
CLEAN,Clean Science and Technology Ltd.,Chemicals,CLEAN.NS
COALINDIA,Coal India Ltd.,Oil Gas & Consumable Fuels,COALINDIA.NS
COCHINSHIP,Cochin Shipyard Ltd.,Capital Goods,COCHINSHIP.NS
COFORGE,Coforge Ltd.,Information Technology,COFORGE.NS
COHANCE,Cohance Lifesciences Ltd.,Healthcare,COHANCE.NS
COLPAL,Colgate Palmolive (India) Ltd.,Fast Moving Consumer Goods,COLPAL.NS
CAMS,Computer Age Management Services Ltd.,Financial Services,CAMS.NS
CONCORDBIO,Concord Biotech Ltd.,Healthcare,CONCORDBIO.NS
CONCOR,Container Corporation of India Ltd.,Services,CONCOR.NS
COROMANDEL,Coromandel International Ltd.,Chemicals,COROMANDEL.NS
CRAFTSMAN,Craftsman Automation Ltd.,Automobile and Auto Components,CRAFTSMAN.NS
CREDITACC,CreditAccess Grameen Ltd.,Financial Services,CREDITACC.NS
CROMPTON,Crompton Greaves Consumer Electricals Ltd.,Consumer Durables,CROMPTON.NS
CUMMINSIND,Cummins India Ltd.,Capital Goods,CUMMINSIND.NS
CYIENT,Cyient Ltd.,Information Technology,CYIENT.NS
DCMSHRIRAM,DCM Shriram Ltd.,Diversified,DCMSHRIRAM.NS
DLF,DLF Ltd.,Realty,DLF.NS
DOMS,DOMS Industries Ltd.,Fast Moving Consumer Goods,DOMS.NS
DABUR,Dabur India Ltd.,Fast Moving Consumer Goods,DABUR.NS
DALBHARAT,Dalmia Bharat Ltd.,Construction Materials,DALBHARAT.NS
DATAPATTNS,Data Patterns (India) Ltd.,Capital Goods,DATAPATTNS.NS
DEEPAKFERT,Deepak Fertilisers & Petrochemicals Corp. Ltd.,Chemicals,DEEPAKFERT.NS
DEEPAKNTR,Deepak Nitrite Ltd.,Chemicals,DEEPAKNTR.NS
DELHIVERY,Delhivery Ltd.,Services,DELHIVERY.NS
DEVYANI,Devyani International Ltd.,Consumer Services,DEVYANI.NS
DIVISLAB,Divi's Laboratories Ltd.,Healthcare,DIVISLAB.NS
DIXON,Dixon Technologies (India) Ltd.,Consumer Durables,DIXON.NS
AGARWALEYE,Dr. Agarwal's Health Care Ltd.,Healthcare,AGARWALEYE.NS
LALPATHLAB,Dr. Lal Path Labs Ltd.,Healthcare,LALPATHLAB.NS
DRREDDY,Dr. Reddy's Laboratories Ltd.,Healthcare,DRREDDY.NS
DUMMYHDLVR,Dummy Hindustan Unilever Ltd.,Fast Moving Consumer Goods,DUMMYHDLVR.NS
EIDPARRY,E.I.D. Parry (India) Ltd.,Fast Moving Consumer Goods,EIDPARRY.NS
EIHOTEL,EIH Ltd.,Consumer Services,EIHOTEL.NS
EICHERMOT,Eicher Motors Ltd.,Automobile and Auto Components,EICHERMOT.NS
ELECON,Elecon Engineering Co. Ltd.,Capital Goods,ELECON.NS
ELGIEQUIP,Elgi Equipments Ltd.,Capital Goods,ELGIEQUIP.NS
EMAMILTD,Emami Ltd.,Fast Moving Consumer Goods,EMAMILTD.NS
EMCURE,Emcure Pharmaceuticals Ltd.,Healthcare,EMCURE.NS
ENDURANCE,Endurance Technologies Ltd.,Automobile and Auto Components,ENDURANCE.NS
ENGINERSIN,Engineers India Ltd.,Construction,ENGINERSIN.NS
ERIS,Eris Lifesciences Ltd.,Healthcare,ERIS.NS
ESCORTS,Escorts Kubota Ltd.,Capital Goods,ESCORTS.NS
ETERNAL,Eternal Ltd.,Consumer Services,ETERNAL.NS
EXIDEIND,Exide Industries Ltd.,Automobile and Auto Components,EXIDEIND.NS
NYKAA,FSN E-Commerce Ventures Ltd.,Consumer Services,NYKAA.NS
FEDERALBNK,Federal Bank Ltd.,Financial Services,FEDERALBNK.NS
FACT,Fertilisers and Chemicals Travancore Ltd.,Chemicals,FACT.NS
FINCABLES,Finolex Cables Ltd.,Capital Goods,FINCABLES.NS
FINPIPE,Finolex Industries Ltd.,Capital Goods,FINPIPE.NS
FSL,Firstsource Solutions Ltd.,Services,FSL.NS
FIVESTAR,Five-Star Business Finance Ltd.,Financial Services,FIVESTAR.NS
FORCEMOT,Force Motors Ltd.,Automobile and Auto Components,FORCEMOT.NS
FORTIS,Fortis Healthcare Ltd.,Healthcare,FORTIS.NS
GAIL,GAIL (India) Ltd.,Oil Gas & Consumable Fuels,GAIL.NS
GVT&D,GE Vernova T&D India Ltd.,Capital Goods,GVT&D.NS
GMRAIRPORT,GMR Airports Ltd.,Services,GMRAIRPORT.NS
GRSE,Garden Reach Shipbuilders & Engineers Ltd.,Capital Goods,GRSE.NS
GICRE,General Insurance Corporation of India,Financial Services,GICRE.NS
GILLETTE,Gillette India Ltd.,Fast Moving Consumer Goods,GILLETTE.NS
GLAND,Gland Pharma Ltd.,Healthcare,GLAND.NS
GLAXO,Glaxosmithkline Pharmaceuticals Ltd.,Healthcare,GLAXO.NS
GLENMARK,Glenmark Pharmaceuticals Ltd.,Healthcare,GLENMARK.NS
MEDANTA,Global Health Ltd.,Healthcare,MEDANTA.NS
GODIGIT,Go Digit General Insurance Ltd.,Financial Services,GODIGIT.NS
GPIL,Godawari Power & Ispat Ltd.,Capital Goods,GPIL.NS
GODFRYPHLP,Godfrey Phillips India Ltd.,Fast Moving Consumer Goods,GODFRYPHLP.NS
GODREJAGRO,Godrej Agrovet Ltd.,Fast Moving Consumer Goods,GODREJAGRO.NS
GODREJCP,Godrej Consumer Products Ltd.,Fast Moving Consumer Goods,GODREJCP.NS
GODREJIND,Godrej Industries Ltd.,Diversified,GODREJIND.NS
GODREJPROP,Godrej Properties Ltd.,Realty,GODREJPROP.NS
GRANULES,Granules India Ltd.,Healthcare,GRANULES.NS
GRAPHITE,Graphite India Ltd.,Capital Goods,GRAPHITE.NS
GRASIM,Grasim Industries Ltd.,Construction Materials,GRASIM.NS
GRAVITA,Gravita India Ltd.,Metals & Mining,GRAVITA.NS
GESHIP,Great Eastern Shipping Co. Ltd.,Services,GESHIP.NS
FLUOROCHEM,Gujarat Fluorochemicals Ltd.,Chemicals,FLUOROCHEM.NS
GUJGASLTD,Gujarat Gas Ltd.,Oil Gas & Consumable Fuels,GUJGASLTD.NS
GMDCLTD,Gujarat Mineral Development Corporation Ltd.,Metals & Mining,GMDCLTD.NS
GSPL,Gujarat State Petronet Ltd.,Oil Gas & Consumable Fuels,GSPL.NS
HEG,H.E.G. Ltd.,Capital Goods,HEG.NS
HBLENGINE,HBL Engineering Ltd.,Capital Goods,HBLENGINE.NS
HCLTECH,HCL Technologies Ltd.,Information Technology,HCLTECH.NS
HDFCAMC,HDFC Asset Management Company Ltd.,Financial Services,HDFCAMC.NS
HDFCBANK,HDFC Bank Ltd.,Financial Services,HDFCBANK.NS
HDFCLIFE,HDFC Life Insurance Company Ltd.,Financial Services,HDFCLIFE.NS
HFCL,HFCL Ltd.,Telecommunication,HFCL.NS
HAPPSTMNDS,Happiest Minds Technologies Ltd.,Information Technology,HAPPSTMNDS.NS
HAVELLS,Havells India Ltd.,Consumer Durables,HAVELLS.NS
HEROMOTOCO,Hero MotoCorp Ltd.,Automobile and Auto Components,HEROMOTOCO.NS
HEXT,Hexaware Technologies Ltd.,Information Technology,HEXT.NS
HSCL,Himadri Speciality Chemical Ltd.,Chemicals,HSCL.NS
HINDALCO,Hindalco Industries Ltd.,Metals & Mining,HINDALCO.NS
HAL,Hindustan Aeronautics Ltd.,Capital Goods,HAL.NS
HINDCOPPER,Hindustan Copper Ltd.,Metals & Mining,HINDCOPPER.NS
HINDPETRO,Hindustan Petroleum Corporation Ltd.,Oil Gas & Consumable Fuels,HINDPETRO.NS
HINDUNILVR,Hindustan Unilever Ltd.,Fast Moving Consumer Goods,HINDUNILVR.NS
HINDZINC,Hindustan Zinc Ltd.,Metals & Mining,HINDZINC.NS
POWERINDIA,Hitachi Energy India Ltd.,Capital Goods,POWERINDIA.NS
HOMEFIRST,Home First Finance Company India Ltd.,Financial Services,HOMEFIRST.NS
HONASA,Honasa Consumer Ltd.,Fast Moving Consumer Goods,HONASA.NS
HONAUT,Honeywell Automation India Ltd.,Capital Goods,HONAUT.NS
HUDCO,Housing & Urban Development Corporation Ltd.,Financial Services,HUDCO.NS
HYUNDAI,Hyundai Motor India Ltd.,Automobile and Auto Components,HYUNDAI.NS
ICICIBANK,ICICI Bank Ltd.,Financial Services,ICICIBANK.NS
ICICIGI,ICICI Lombard General Insurance Company Ltd.,Financial Services,ICICIGI.NS
ICICIPRULI,ICICI Prudential Life Insurance Company Ltd.,Financial Services,ICICIPRULI.NS
IDBI,IDBI Bank Ltd.,Financial Services,IDBI.NS
IDFCFIRSTB,IDFC First Bank Ltd.,Financial Services,IDFCFIRSTB.NS
IFCI,IFCI Ltd.,Financial Services,IFCI.NS
IIFL,IIFL Finance Ltd.,Financial Services,IIFL.NS
INOXINDIA,INOX India Ltd.,Capital Goods,INOXINDIA.NS
IRB,IRB Infrastructure Developers Ltd.,Construction,IRB.NS
IRCON,IRCON International Ltd.,Construction,IRCON.NS
ITCHOTELS,ITC Hotels Ltd.,Consumer Services,ITCHOTELS.NS
ITC,ITC Ltd.,Fast Moving Consumer Goods,ITC.NS
ITI,ITI Ltd.,Telecommunication,ITI.NS
INDGN,Indegene Ltd.,Healthcare,INDGN.NS
INDIACEM,India Cements Ltd.,Construction Materials,INDIACEM.NS
INDIAMART,Indiamart Intermesh Ltd.,Consumer Services,INDIAMART.NS
INDIANB,Indian Bank,Financial Services,INDIANB.NS
IEX,Indian Energy Exchange Ltd.,Financial Services,IEX.NS
INDHOTEL,Indian Hotels Co. Ltd.,Consumer Services,INDHOTEL.NS
IOC,Indian Oil Corporation Ltd.,Oil Gas & Consumable Fuels,IOC.NS
IOB,Indian Overseas Bank,Financial Services,IOB.NS
IRCTC,Indian Railway Catering And Tourism Corporation Ltd.,Consumer Services,IRCTC.NS
IRFC,Indian Railway Finance Corporation Ltd.,Financial Services,IRFC.NS
IREDA,Indian Renewable Energy Development Agency Ltd.,Financial Services,IREDA.NS
IGL,Indraprastha Gas Ltd.,Oil Gas & Consumable Fuels,IGL.NS
INDUSTOWER,Indus Towers Ltd.,Telecommunication,INDUSTOWER.NS
INDUSINDBK,IndusInd Bank Ltd.,Financial Services,INDUSINDBK.NS
NAUKRI,Info Edge (India) Ltd.,Consumer Services,NAUKRI.NS
INFY,Infosys Ltd.,Information Technology,INFY.NS
INOXWIND,Inox Wind Ltd.,Capital Goods,INOXWIND.NS
INTELLECT,Intellect Design Arena Ltd.,Information Technology,INTELLECT.NS
INDIGO,InterGlobe Aviation Ltd.,Services,INDIGO.NS
IGIL,International Gemmological Institute (India) Ltd.,Services,IGIL.NS
IKS,Inventurus Knowledge Solutions Ltd.,Information Technology,IKS.NS
IPCALAB,Ipca Laboratories Ltd.,Healthcare,IPCALAB.NS
JBCHEPHARM,J.B. Chemicals & Pharmaceuticals Ltd.,Healthcare,JBCHEPHARM.NS
JKCEMENT,J.K. Cement Ltd.,Construction Materials,JKCEMENT.NS
JBMA,JBM Auto Ltd.,Automobile and Auto Components,JBMA.NS
JKTYRE,JK Tyre & Industries Ltd.,Automobile and Auto Components,JKTYRE.NS
JMFINANCIL,JM Financial Ltd.,Financial Services,JMFINANCIL.NS
JSWENERGY,JSW Energy Ltd.,Power,JSWENERGY.NS
JSWINFRA,JSW Infrastructure Ltd.,Services,JSWINFRA.NS
JSWSTEEL,JSW Steel Ltd.,Metals & Mining,JSWSTEEL.NS
JPPOWER,Jaiprakash Power Ventures Ltd.,Power,JPPOWER.NS
J&KBANK,Jammu & Kashmir Bank Ltd.,Financial Services,J&KBANK.NS
JINDALSAW,Jindal Saw Ltd.,Capital Goods,JINDALSAW.NS
JSL,Jindal Stainless Ltd.,Metals & Mining,JSL.NS
JINDALSTEL,Jindal Steel Ltd.,Metals & Mining,JINDALSTEL.NS
JIOFIN,Jio Financial Services Ltd.,Financial Services,JIOFIN.NS
JUBLFOOD,Jubilant Foodworks Ltd.,Consumer Services,JUBLFOOD.NS
JUBLINGREA,Jubilant Ingrevia Ltd.,Chemicals,JUBLINGREA.NS
JUBLPHARMA,Jubilant Pharmova Ltd.,Healthcare,JUBLPHARMA.NS
JWL,Jupiter Wagons Ltd.,Capital Goods,JWL.NS
JYOTHYLAB,Jyothy Labs Ltd.,Fast Moving Consumer Goods,JYOTHYLAB.NS
JYOTICNC,Jyoti CNC Automation Ltd.,Capital Goods,JYOTICNC.NS
KPRMILL,K.P.R. Mill Ltd.,Textiles,KPRMILL.NS
KEI,KEI Industries Ltd.,Capital Goods,KEI.NS
KPITTECH,KPIT Technologies Ltd.,Information Technology,KPITTECH.NS
KSB,KSB Ltd.,Capital Goods,KSB.NS
KAJARIACER,Kajaria Ceramics Ltd.,Consumer Durables,KAJARIACER.NS
KPIL,Kalpataru Projects International Ltd.,Construction,KPIL.NS
KALYANKJIL,Kalyan Jewellers India Ltd.,Consumer Durables,KALYANKJIL.NS
KARURVYSYA,Karur Vysya Bank Ltd.,Financial Services,KARURVYSYA.NS
KAYNES,Kaynes Technology India Ltd.,Capital Goods,KAYNES.NS
KEC,Kec International Ltd.,Construction,KEC.NS
KFINTECH,Kfin Technologies Ltd.,Financial Services,KFINTECH.NS
KIRLOSBROS,Kirloskar Brothers Ltd.,Capital Goods,KIRLOSBROS.NS
KIRLOSENG,Kirloskar Oil Eng Ltd.,Capital Goods,KIRLOSENG.NS
KOTAKBANK,Kotak Mahindra Bank Ltd.,Financial Services,KOTAKBANK.NS
KIMS,Krishna Institute of Medical Sciences Ltd.,Healthcare,KIMS.NS
LTF,L&T Finance Ltd.,Financial Services,LTF.NS
LTTS,L&T Technology Services Ltd.,Information Technology,LTTS.NS
LICHSGFIN,LIC Housing Finance Ltd.,Financial Services,LICHSGFIN.NS
LTFOODS,LT Foods Ltd.,Fast Moving Consumer Goods,LTFOODS.NS
LTIM,LTIMindtree Ltd.,Information Technology,LTIM.NS
LT,Larsen & Toubro Ltd.,Construction,LT.NS
LATENTVIEW,Latent View Analytics Ltd.,Information Technology,LATENTVIEW.NS
LAURUSLABS,Laurus Labs Ltd.,Healthcare,LAURUSLABS.NS
THELEELA,Leela Palaces Hotels & Resorts Ltd.,Consumer Services,THELEELA.NS
LEMONTREE,Lemon Tree Hotels Ltd.,Consumer Services,LEMONTREE.NS
LICI,Life Insurance Corporation of India,Financial Services,LICI.NS
LINDEINDIA,Linde India Ltd.,Chemicals,LINDEINDIA.NS
LLOYDSME,Lloyds Metals And Energy Ltd.,Metals & Mining,LLOYDSME.NS
LODHA,Lodha Developers Ltd.,Realty,LODHA.NS
LUPIN,Lupin Ltd.,Healthcare,LUPIN.NS
MMTC,MMTC Ltd.,Services,MMTC.NS
MRF,MRF Ltd.,Automobile and Auto Components,MRF.NS
MGL,Mahanagar Gas Ltd.,Oil Gas & Consumable Fuels,MGL.NS
MAHSCOOTER,Maharashtra Scooters Ltd.,Financial Services,MAHSCOOTER.NS
MAHSEAMLES,Maharashtra Seamless Ltd.,Capital Goods,MAHSEAMLES.NS
M&MFIN,Mahindra & Mahindra Financial Services Ltd.,Financial Services,M&MFIN.NS
M&M,Mahindra & Mahindra Ltd.,Automobile and Auto Components,M&M.NS
MANAPPURAM,Manappuram Finance Ltd.,Financial Services,MANAPPURAM.NS
MRPL,Mangalore Refinery & Petrochemicals Ltd.,Oil Gas & Consumable Fuels,MRPL.NS
MANKIND,Mankind Pharma Ltd.,Healthcare,MANKIND.NS
MARICO,Marico Ltd.,Fast Moving Consumer Goods,MARICO.NS
MARUTI,Maruti Suzuki India Ltd.,Automobile and Auto Components,MARUTI.NS
MFSL,Max Financial Services Ltd.,Financial Services,MFSL.NS
MAXHEALTH,Max Healthcare Institute Ltd.,Healthcare,MAXHEALTH.NS
MAZDOCK,Mazagoan Dock Shipbuilders Ltd.,Capital Goods,MAZDOCK.NS
METROPOLIS,Metropolis Healthcare Ltd.,Healthcare,METROPOLIS.NS
MINDACORP,Minda Corporation Ltd.,Automobile and Auto Components,MINDACORP.NS
MSUMI,Motherson Sumi Wiring India Ltd.,Automobile and Auto Components,MSUMI.NS
MOTILALOFS,Motilal Oswal Financial Services Ltd.,Financial Services,MOTILALOFS.NS
MPHASIS,MphasiS Ltd.,Information Technology,MPHASIS.NS
MCX,Multi Commodity Exchange of India Ltd.,Financial Services,MCX.NS
MUTHOOTFIN,Muthoot Finance Ltd.,Financial Services,MUTHOOTFIN.NS
NATCOPHARM,NATCO Pharma Ltd.,Healthcare,NATCOPHARM.NS
NBCC,NBCC (India) Ltd.,Construction,NBCC.NS
NCC,NCC Ltd.,Construction,NCC.NS
NHPC,NHPC Ltd.,Power,NHPC.NS
NLCINDIA,NLC India Ltd.,Power,NLCINDIA.NS
NMDC,NMDC Ltd.,Metals & Mining,NMDC.NS
NSLNISP,NMDC Steel Ltd.,Metals & Mining,NSLNISP.NS
NTPCGREEN,NTPC Green Energy Ltd.,Power,NTPCGREEN.NS
NTPC,NTPC Ltd.,Power,NTPC.NS
NH,Narayana Hrudayalaya Ltd.,Healthcare,NH.NS
NATIONALUM,National Aluminium Co. Ltd.,Metals & Mining,NATIONALUM.NS
NAVA,Nava Ltd.,Power,NAVA.NS
NAVINFLUOR,Navin Fluorine International Ltd.,Chemicals,NAVINFLUOR.NS
NESTLEIND,Nestle India Ltd.,Fast Moving Consumer Goods,NESTLEIND.NS
NETWEB,Netweb Technologies India Ltd.,Information Technology,NETWEB.NS
NEULANDLAB,Neuland Laboratories Ltd.,Healthcare,NEULANDLAB.NS
NEWGEN,Newgen Software Technologies Ltd.,Information Technology,NEWGEN.NS
NAM-INDIA,Nippon Life India Asset Management Ltd.,Financial Services,NAM-INDIA.NS
NIVABUPA,Niva Bupa Health Insurance Company Ltd.,Financial Services,NIVABUPA.NS
NUVAMA,Nuvama Wealth Management Ltd.,Financial Services,NUVAMA.NS
NUVOCO,Nuvoco Vistas Corporation Ltd.,Construction Materials,NUVOCO.NS
OBEROIRLTY,Oberoi Realty Ltd.,Realty,OBEROIRLTY.NS
ONGC,Oil & Natural Gas Corporation Ltd.,Oil Gas & Consumable Fuels,ONGC.NS
OIL,Oil India Ltd.,Oil Gas & Consumable Fuels,OIL.NS
OLAELEC,Ola Electric Mobility Ltd.,Automobile and Auto Components,OLAELEC.NS
OLECTRA,Olectra Greentech Ltd.,Automobile and Auto Components,OLECTRA.NS
PAYTM,One 97 Communications Ltd.,Financial Services,PAYTM.NS
ONESOURCE,Onesource Specialty Pharma Ltd.,Healthcare,ONESOURCE.NS
OFSS,Oracle Financial Services Software Ltd.,Information Technology,OFSS.NS
POLICYBZR,PB Fintech Ltd.,Financial Services,POLICYBZR.NS
PCBL,PCBL Chemical Ltd.,Chemicals,PCBL.NS
PGEL,PG Electroplast Ltd.,Consumer Durables,PGEL.NS
PIIND,PI Industries Ltd.,Chemicals,PIIND.NS
PNBHOUSING,PNB Housing Finance Ltd.,Financial Services,PNBHOUSING.NS
PTCIL,PTC Industries Ltd.,Capital Goods,PTCIL.NS
PVRINOX,PVR INOX Ltd.,Media Entertainment & Publication,PVRINOX.NS
PAGEIND,Page Industries Ltd.,Textiles,PAGEIND.NS
PATANJALI,Patanjali Foods Ltd.,Fast Moving Consumer Goods,PATANJALI.NS
PERSISTENT,Persistent Systems Ltd.,Information Technology,PERSISTENT.NS
PETRONET,Petronet LNG Ltd.,Oil Gas & Consumable Fuels,PETRONET.NS
PFIZER,Pfizer Ltd.,Healthcare,PFIZER.NS
PHOENIXLTD,Phoenix Mills Ltd.,Realty,PHOENIXLTD.NS
PIDILITIND,Pidilite Industries Ltd.,Chemicals,PIDILITIND.NS
PPLPHARMA,Piramal Pharma Ltd.,Healthcare,PPLPHARMA.NS
POLYMED,Poly Medicure Ltd.,Healthcare,POLYMED.NS
POLYCAB,Polycab India Ltd.,Capital Goods,POLYCAB.NS
POONAWALLA,Poonawalla Fincorp Ltd.,Financial Services,POONAWALLA.NS
PFC,Power Finance Corporation Ltd.,Financial Services,PFC.NS
POWERGRID,Power Grid Corporation of India Ltd.,Power,POWERGRID.NS
PRAJIND,Praj Industries Ltd.,Capital Goods,PRAJIND.NS
PREMIERENE,Premier Energies Ltd.,Capital Goods,PREMIERENE.NS
PRESTIGE,Prestige Estates Projects Ltd.,Realty,PRESTIGE.NS
PGHH,Procter & Gamble Hygiene & Health Care Ltd.,Fast Moving Consumer Goods,PGHH.NS
PNB,Punjab National Bank,Financial Services,PNB.NS
RRKABEL,R R Kabel Ltd.,Capital Goods,RRKABEL.NS
RBLBANK,RBL Bank Ltd.,Financial Services,RBLBANK.NS
RECLTD,REC Ltd.,Financial Services,RECLTD.NS
RHIM,RHI MAGNESITA INDIA LTD.,Capital Goods,RHIM.NS
RITES,RITES Ltd.,Construction,RITES.NS
RADICO,Radico Khaitan Ltd,Fast Moving Consumer Goods,RADICO.NS
RVNL,Rail Vikas Nigam Ltd.,Construction,RVNL.NS
RAILTEL,Railtel Corporation Of India Ltd.,Telecommunication,RAILTEL.NS
RAINBOW,Rainbow Childrens Medicare Ltd.,Healthcare,RAINBOW.NS
RKFORGE,Ramkrishna Forgings Ltd.,Automobile and Auto Components,RKFORGE.NS
RCF,Rashtriya Chemicals & Fertilizers Ltd.,Chemicals,RCF.NS
REDINGTON,Redington Ltd.,Services,REDINGTON.NS
RELIANCE,Reliance Industries Ltd.,Oil Gas & Consumable Fuels,RELIANCE.NS
RELINFRA,Reliance Infrastructure Ltd.,Power,RELINFRA.NS
RPOWER,Reliance Power Ltd.,Power,RPOWER.NS
SBFC,SBFC Finance Ltd.,Financial Services,SBFC.NS
SBICARD,SBI Cards and Payment Services Ltd.,Financial Services,SBICARD.NS
SBILIFE,SBI Life Insurance Company Ltd.,Financial Services,SBILIFE.NS
SJVN,SJVN Ltd.,Power,SJVN.NS
SKFINDIA,SKF India Ltd.,Automobile and Auto Components,SKFINDIA.NS
SRF,SRF Ltd.,Chemicals,SRF.NS
SAGILITY,Sagility Ltd.,Information Technology,SAGILITY.NS
SAILIFE,Sai Life Sciences Ltd.,Healthcare,SAILIFE.NS
SAMMAANCAP,Sammaan Capital Ltd.,Financial Services,SAMMAANCAP.NS
MOTHERSON,Samvardhana Motherson International Ltd.,Automobile and Auto Components,MOTHERSON.NS
SAPPHIRE,Sapphire Foods India Ltd.,Consumer Services,SAPPHIRE.NS
SARDAEN,Sarda Energy and Minerals Ltd.,Metals & Mining,SARDAEN.NS
SAREGAMA,Saregama India Ltd,Media Entertainment & Publication,SAREGAMA.NS
SCHAEFFLER,Schaeffler India Ltd.,Automobile and Auto Components,SCHAEFFLER.NS
SCHNEIDER,Schneider Electric Infrastructure Ltd.,Capital Goods,SCHNEIDER.NS
SCI,Shipping Corporation of India Ltd.,Services,SCI.NS
SHREECEM,Shree Cement Ltd.,Construction Materials,SHREECEM.NS
SHRIRAMFIN,Shriram Finance Ltd.,Financial Services,SHRIRAMFIN.NS
SHYAMMETL,Shyam Metalics and Energy Ltd.,Capital Goods,SHYAMMETL.NS
ENRIN,Siemens Energy India Ltd.,Capital Goods,ENRIN.NS
SIEMENS,Siemens Ltd.,Capital Goods,SIEMENS.NS
SIGNATURE,Signatureglobal (India) Ltd.,Realty,SIGNATURE.NS
SOBHA,Sobha Ltd.,Realty,SOBHA.NS
SOLARINDS,Solar Industries India Ltd.,Chemicals,SOLARINDS.NS
SONACOMS,Sona BLW Precision Forgings Ltd.,Automobile and Auto Components,SONACOMS.NS
SONATSOFTW,Sonata Software Ltd.,Information Technology,SONATSOFTW.NS
STARHEALTH,Star Health and Allied Insurance Company Ltd.,Financial Services,STARHEALTH.NS
SBIN,State Bank of India,Financial Services,SBIN.NS
SAIL,Steel Authority of India Ltd.,Metals & Mining,SAIL.NS
SUMICHEM,Sumitomo Chemical India Ltd.,Chemicals,SUMICHEM.NS
SUNPHARMA,Sun Pharmaceutical Industries Ltd.,Healthcare,SUNPHARMA.NS
SUNTV,Sun TV Network Ltd.,Media Entertainment & Publication,SUNTV.NS
SUNDARMFIN,Sundaram Finance Ltd.,Financial Services,SUNDARMFIN.NS
SUNDRMFAST,Sundram Fasteners Ltd.,Automobile and Auto Components,SUNDRMFAST.NS
SUPREMEIND,Supreme Industries Ltd.,Capital Goods,SUPREMEIND.NS
SUZLON,Suzlon Energy Ltd.,Capital Goods,SUZLON.NS
SWANCORP,Swan Corp Ltd.,Chemicals,SWANCORP.NS
SWIGGY,Swiggy Ltd.,Consumer Services,SWIGGY.NS
SYNGENE,Syngene International Ltd.,Healthcare,SYNGENE.NS
SYRMA,Syrma SGS Technology Ltd.,Capital Goods,SYRMA.NS
TBOTEK,TBO Tek Ltd.,Consumer Services,TBOTEK.NS
TVSMOTOR,TVS Motor Company Ltd.,Automobile and Auto Components,TVSMOTOR.NS
TATACHEM,Tata Chemicals Ltd.,Chemicals,TATACHEM.NS
TATACOMM,Tata Communications Ltd.,Telecommunication,TATACOMM.NS
TCS,Tata Consultancy Services Ltd.,Information Technology,TCS.NS
TATACONSUM,Tata Consumer Products Ltd.,Fast Moving Consumer Goods,TATACONSUM.NS
TATAELXSI,Tata Elxsi Ltd.,Information Technology,TATAELXSI.NS
TATAINVEST,Tata Investment Corporation Ltd.,Financial Services,TATAINVEST.NS
TMPV,Tata Motors Passenger Vehicles Ltd.,Automobile and Auto Components,TMPV.NS
TATAPOWER,Tata Power Co. Ltd.,Power,TATAPOWER.NS
TATASTEEL,Tata Steel Ltd.,Metals & Mining,TATASTEEL.NS
TATATECH,Tata Technologies Ltd.,Information Technology,TATATECH.NS
TTML,Tata Teleservices (Maharashtra) Ltd.,Telecommunication,TTML.NS
TECHM,Tech Mahindra Ltd.,Information Technology,TECHM.NS
TECHNOE,Techno Electric & Engineering Company Ltd.,Construction,TECHNOE.NS
TEJASNET,Tejas Networks Ltd.,Telecommunication,TEJASNET.NS
NIACL,The New India Assurance Company Ltd.,Financial Services,NIACL.NS
RAMCOCEM,The Ramco Cements Ltd.,Construction Materials,RAMCOCEM.NS
THERMAX,Thermax Ltd.,Capital Goods,THERMAX.NS
TIMKEN,Timken India Ltd.,Capital Goods,TIMKEN.NS
TITAGARH,Titagarh Rail Systems Ltd.,Capital Goods,TITAGARH.NS
TITAN,Titan Company Ltd.,Consumer Durables,TITAN.NS
TORNTPHARM,Torrent Pharmaceuticals Ltd.,Healthcare,TORNTPHARM.NS
TORNTPOWER,Torrent Power Ltd.,Power,TORNTPOWER.NS
TARIL,Transformers And Rectifiers (India) Ltd.,Capital Goods,TARIL.NS
TRENT,Trent Ltd.,Consumer Services,TRENT.NS
TRIDENT,Trident Ltd.,Textiles,TRIDENT.NS
TRIVENI,Triveni Engineering & Industries Ltd.,Fast Moving Consumer Goods,TRIVENI.NS
TRITURBINE,Triveni Turbine Ltd.,Capital Goods,TRITURBINE.NS
TIINDIA,Tube Investments of India Ltd.,Automobile and Auto Components,TIINDIA.NS
UCOBANK,UCO Bank,Financial Services,UCOBANK.NS
UNOMINDA,UNO Minda Ltd.,Automobile and Auto Components,UNOMINDA.NS
UPL,UPL Ltd.,Chemicals,UPL.NS
UTIAMC,UTI Asset Management Company Ltd.,Financial Services,UTIAMC.NS
ULTRACEMCO,UltraTech Cement Ltd.,Construction Materials,ULTRACEMCO.NS
UNIONBANK,Union Bank of India,Financial Services,UNIONBANK.NS
UBL,United Breweries Ltd.,Fast Moving Consumer Goods,UBL.NS
UNITDSPR,United Spirits Ltd.,Fast Moving Consumer Goods,UNITDSPR.NS
USHAMART,Usha Martin Ltd.,Capital Goods,USHAMART.NS
VGUARD,V-Guard Industries Ltd.,Consumer Durables,VGUARD.NS
DBREALTY,Valor Estate Ltd.,Consumer Services,DBREALTY.NS
VTL,Vardhman Textiles Ltd.,Textiles,VTL.NS
VBL,Varun Beverages Ltd.,Fast Moving Consumer Goods,VBL.NS
MANYAVAR,Vedant Fashions Ltd.,Consumer Services,MANYAVAR.NS
VEDL,Vedanta Ltd.,Metals & Mining,VEDL.NS
VENTIVE,Ventive Hospitality Ltd.,Consumer Services,VENTIVE.NS
VIJAYA,Vijaya Diagnostic Centre Ltd.,Healthcare,VIJAYA.NS
VMM,Vishal Mega Mart Ltd.,Consumer Services,VMM.NS
IDEA,Vodafone Idea Ltd.,Telecommunication,IDEA.NS
VOLTAS,Voltas Ltd.,Consumer Durables,VOLTAS.NS
WAAREEENER,Waaree Energies Ltd.,Capital Goods,WAAREEENER.NS
WELCORP,Welspun Corp Ltd.,Capital Goods,WELCORP.NS
WELSPUNLIV,Welspun Living Ltd.,Textiles,WELSPUNLIV.NS
WHIRLPOOL,Whirlpool of India Ltd.,Consumer Durables,WHIRLPOOL.NS
WIPRO,Wipro Ltd.,Information Technology,WIPRO.NS
WOCKPHARMA,Wockhardt Ltd.,Healthcare,WOCKPHARMA.NS
YESBANK,Yes Bank Ltd.,Financial Services,YESBANK.NS
ZFCVINDIA,ZF Commercial Vehicle Control Systems India Ltd.,Automobile and Auto Components,ZFCVINDIA.NS
ZEEL,Zee Entertainment Enterprises Ltd.,Media Entertainment & Publication,ZEEL.NS
ZENTEC,Zen Technologies Ltd.,Capital Goods,ZENTEC.NS
ZENSARTECH,Zensar Technolgies Ltd.,Information Technology,ZENSARTECH.NS
ZYDUSLIFE,Zydus Lifesciences Ltd.,Healthcare,ZYDUSLIFE.NS
ECLERX,eClerx Services Ltd.,Services,ECLERX.NS
